T,800 ℃,950 ℃
δ,0.125-0.25,0.125-0.25
Sr0.125Ba0.125Ca0.625K0.125Ti1,2.06635,1.9991
Sr0.125Ba0.125Ca0.75Fe0.125.875,2.55758,2.38382
Sr0.125Ba0.125K0.125Sm0.625Ti1,2.25907,2.19358
Sr0.125Ba0.125K0.125Y0.625Ti1,2.35057,2.28446
Sr0.125Ba0.125K0.25Sm0.5Ti1,2.1224,2.06277
Sr0.125Ba0.125K0.25Y0.5Ti1,2.12599,2.06088
Sr0.125Ba0.125La0.5K0.25Ti1,2.16895,2.1125
Sr0.125Ba0.125La0.625K0.125Ti1,2.23252,2.17078
Sr0.125Ba0.25Ca0.5K0.125Ti1,2.06642,1.99885
Sr0.125Ba0.25Ca0.625Fe0.125.875,2.51388,2.3554
Sr0.125Ba0.25K0.125Sm0.5Ti1,2.17487,2.10971
Sr0.125Ba0.25K0.125Y0.5Ti1,2.17846,2.10782
Sr0.125Ba0.25K0.25Sm0.375Ti1,2.14612,2.08693
Sr0.125Ba0.25La0.5K0.125Ti1,2.22142,2.15944
Sr0.125Ba0.375Ca0.375K0.125Ti1,2.14952,2.08627
Sr0.125Ba0.375Ca0.5Fe0.125.875,2.35458,2.19738
Sr0.125Ba0.375K0.125Sm0.375Ti1,2.15027,2.08715
Sr0.125Ba0.375K0.125Y0.375Ti1,2.13533,2.0696
Sr0.125Ba0.375La0.375K0.125Ti1,2.17303,2.10744
Sr0.125Ba0.375La0.5Fe0.25.75,2.48051,2.33933
Sr0.125Ba0.375Sm0.5Fe0.25.75,2.22592,2.09199
Sr0.125Ba0.375Y0.5Cu0.5Ti0.5,2.62919,2.49412
Sr0.125Ba0.375Y0.5Fe0.125.875,2.73564,2.60805
Sr0.125Ba0.375Y0.5Fe0.25.75,2.1712,2.03363
Sr0.125Ba0.375Y0.5Mg0.5Ti0.5,2.72805,2.59772
Sr0.125Ba0.5Ca0.25K0.125Ti1,2.08136,2.01233
Sr0.125Ba0.5Ca0.375Fe0.125.875,2.40458,2.24972
Sr0.125Ba0.5K0.125Sm0.25Ti1,2.10697,2.04215
Sr0.125Ba0.5K0.125Y0.25Ti1,2.09124,2.0252
Sr0.125Ba0.5La0.25K0.125Ti1,2.15138,2.08903
Sr0.125Ba0.5La0.375Fe0.25.75,2.27433,2.13945
Sr0.125Ba0.5Sm0.375Fe0.125.875,2.71472,2.57663
Sr0.125Ba0.5Sm0.375Fe0.25.75,2.02145,1.8861
Sr0.125Ba0.5Y0.375Cu0.5Ti0.5,2.59894,2.47482
Sr0.125Ba0.5Y0.375Fe0.125.875,2.62752,2.49748
Sr0.125Ba0.5Y0.375Mg0.5Ti0.5,2.65182,2.52356
Sr0.125Ba0.5Y0.375Ni0.5Ti0.5,2.6403,2.51428
Sr0.125Ba0.625Ca0.125K0.125Ti1,2.07221,2.00283
Sr0.125Ba0.625Ca0.25Fe0.125.875,2.43718,2.28696
Sr0.125Ba0.625K0.125Sm0.125Ti1,2.10935,2.04512
Sr0.125Ba0.625K0.125Y0.125Ti1,2.08651,2.02178
Sr0.125Ba0.625La0.125K0.125Ti1,2.09953,2.03535
Sr0.125Ba0.625La0.25Fe0.25.75,2.15944,2.02647
Sr0.125Ba0.625Sm0.25Fe0.125.875,2.73862,2.60233
Sr0.125Ba0.625Sm0.25Fe0.25.75,1.99024,1.85323
Sr0.125Ba0.625Y0.25Fe0.125.875,2.52064,2.39213
Sr0.125Ba0.75Ca0.125Co0.25.75,2.61887,2.48794
Sr0.125Ba0.75Ca0.125Co0.375.625,2.68735,2.5548
Sr0.125Ba0.75Ca0.125Cu0.25.75,2.61887,2.48794
Sr0.125Ba0.75Ca0.125Cu0.375.625,2.68735,2.5548
Sr0.125Ba0.75Ca0.125Fe0.125.875,2.20258,2.05264
Sr0.125Ba0.75Ca0.125Mg0.25.75,2.61887,2.48794
Sr0.125Ba0.75Ca0.125Mg0.375.625,2.68735,2.5548
Sr0.125Ba0.75Ca0.125Mn0.25.75,2.61887,2.48794
Sr0.125Ba0.75Ca0.125Mn0.375.625,2.68735,2.5548
Sr0.125Ba0.75Ca0.125Ni0.25.75,2.61887,2.48794
Sr0.125Ba0.75Ca0.125Ni0.375.625,2.68735,2.5548
Sr0.125Ba0.75La0.125Fe0.125.875,2.60739,2.47347
Sr0.125Ba0.75Sm0.125Co0.25.75,2.68797,2.56567
Sr0.125Ba0.75Sm0.125Co0.5Ti0.5,2.21452,2.07934
Sr0.125Ba0.75Sm0.125Cu0.25.75,2.68797,2.56567
Sr0.125Ba0.75Sm0.125Cu0.5Ti0.5,2.19292,2.06751
Sr0.125Ba0.75Sm0.125Fe0.125.875,2.5501,2.41399
Sr0.125Ba0.75Sm0.125Mg0.25.75,2.68797,2.56567
Sr0.125Ba0.75Sm0.125Mg0.5Ti0.5,2.18529,2.05038
Sr0.125Ba0.75Sm0.125Mn0.25.75,2.68797,2.56567
Sr0.125Ba0.75Sm0.125Mn0.5Ti0.5,2.22045,2.08507
Sr0.125Ba0.75Sm0.125Ni0.25.75,2.68797,2.56567
Sr0.125Ba0.75Sm0.125Ni0.5Ti0.5,2.16786,2.03502
Sr0.125Ba0.75Y0.125Co0.25.75,2.54854,2.42463
Sr0.125Ba0.75Y0.125Co0.375.625,2.64666,2.52186
Sr0.125Ba0.75Y0.125Cu0.25.75,2.54854,2.42463
Sr0.125Ba0.75Y0.125Cu0.375.625,2.64666,2.52186
Sr0.125Ba0.75Y0.125Fe0.125.875,2.40591,2.27302
Sr0.125Ba0.75Y0.125Mg0.25.75,2.54854,2.42463
Sr0.125Ba0.75Y0.125Mg0.375.625,2.64666,2.52186
Sr0.125Ba0.75Y0.125Mn0.25.75,2.54854,2.42463
Sr0.125Ba0.75Y0.125Mn0.375.625,2.64666,2.52186
Sr0.125Ba0.75Y0.125Ni0.25.75,2.54854,2.42463
Sr0.125Ba0.75Y0.125Ni0.375.625,2.64666,2.52186
Sr0.125Ba0.875Co0.125Cu0.125.75,2.20858,2.08947
Sr0.125Ba0.875Co0.125Cu0.25.625,2.41181,2.29617
Sr0.125Ba0.875Co0.125Mg0.125.75,2.20858,2.08947
Sr0.125Ba0.875Co0.125Mg0.25.625,2.41181,2.29617
Sr0.125Ba0.875Co0.125Mn0.125.75,2.20858,2.08947
Sr0.125Ba0.875Co0.125Mn0.25.625,2.41181,2.29617
Sr0.125Ba0.875Co0.125Ni0.125.75,2.20858,2.08947
Sr0.125Ba0.875Co0.125Ni0.25.625,2.41181,2.29617
Sr0.125Ba0.875Co0.25Cu0.125.625,2.41181,2.29617
Sr0.125Ba0.875Co0.25Mg0.125.625,2.41181,2.29617
Sr0.125Ba0.875Co0.25Mn0.125.625,2.41181,2.29617
Sr0.125Ba0.875Co0.25Ni0.125.625,2.41181,2.29617
Sr0.125Ba0.875Cu0.125Mg0.125.75,2.20858,2.08947
Sr0.125Ba0.875Cu0.125Mg0.25.625,2.41181,2.29617
Sr0.125Ba0.875Cu0.125Mn0.125.75,2.20858,2.08947
Sr0.125Ba0.875Cu0.125Mn0.25.625,2.41181,2.29617
Sr0.125Ba0.875Cu0.125Ni0.125.75,2.20858,2.08947
Sr0.125Ba0.875Cu0.125Ni0.25.625,2.41181,2.29617
Sr0.125Ba0.875Cu0.25Mg0.125.625,2.41181,2.29617
Sr0.125Ba0.875Cu0.25Mn0.125.625,2.41181,2.29617
Sr0.125Ba0.875Cu0.25Ni0.125.625,2.41181,2.29617
Sr0.125Ba0.875Mg0.125Ni0.125.75,2.20858,2.08947
Sr0.125Ba0.875Mg0.125Ni0.25.625,2.41181,2.29617
Sr0.125Ba0.875Mg0.25Ni0.125.625,2.41181,2.29617
Sr0.125Ba0.875Mn0.125Mg0.125.75,2.20858,2.08947
Sr0.125Ba0.875Mn0.125Mg0.25.625,2.41181,2.29617
Sr0.125Ba0.875Mn0.125Ni0.125.75,2.20858,2.08947
Sr0.125Ba0.875Mn0.125Ni0.25.625,2.41181,2.29617
Sr0.125Ba0.875Mn0.25Mg0.125.625,2.41181,2.29617
Sr0.125Ba0.875Mn0.25Ni0.125.625,2.41181,2.29617
Sr0.125Ca0.125K0.125Sm0.625Ti1,2.27711,2.21075
Sr0.125Ca0.125K0.125Y0.625Ti1,2.35742,2.28885
Sr0.125Ca0.125K0.25Sm0.5Ti1,2.13489,2.07428
Sr0.125Ca0.125K0.25Y0.5Ti1,2.12729,2.0596
Sr0.125Ca0.125La0.5K0.25Ti1,2.18214,2.12468
Sr0.125Ca0.125La0.625K0.125Ti1,2.25125,2.18863
Sr0.125Ca0.25K0.125Sm0.5Ti1,2.18334,2.11792
Sr0.125Ca0.25K0.125Y0.5Ti1,2.17815,2.10697
Sr0.125Ca0.25K0.25Sm0.375Ti1,2.14904,2.08947
Sr0.125Ca0.25K0.25Y0.375Ti1,2.11703,2.05292
Sr0.125Ca0.25La0.375K0.25Ti1,2.17181,2.10975
Sr0.125Ca0.25La0.5K0.125Ti1,2.22888,2.16736
Sr0.125Ca0.25Sm0.625Co0.625Ti0.375,2.65755,2.52873
Sr0.125Ca0.375K0.125Sm0.375Ti1,2.17984,2.11819
Sr0.125Ca0.375K0.125Y0.375Ti1,2.1462,2.08298
Sr0.125Ca0.375K0.25Y0.25Ti1,2.11368,2.05596
Sr0.125Ca0.375La0.375K0.125Ti1,2.19704,2.13242
Sr0.125Ca0.375La0.5Fe0.25.75,2.68543,2.55065
Sr0.125Ca0.375Sm0.5Cu0.5Ti0.5,2.69774,2.57587
Sr0.125Ca0.375Sm0.5Fe0.25.75,2.43808,2.31158
Sr0.125Ca0.375Sm0.5Mg0.5Ti0.5,2.73774,2.61849
Sr0.125Ca0.375Y0.5Cu0.5Ti0.5,2.63791,2.51471
Sr0.125Ca0.375Y0.5Fe0.25.75,2.38396,2.25355
Sr0.125Ca0.375Y0.5Mg0.5Ti0.5,2.70927,2.58677
Sr0.125Ca0.375Y0.5Ni0.5Ti0.5,2.73879,2.61302
Sr0.125Ca0.5K0.125Sm0.25Ti1,2.07693,2.0112
Sr0.125Ca0.5K0.125Y0.25Ti1,2.04932,1.98231
Sr0.125Ca0.5La0.25K0.125Ti1,2.11579,2.05203
Sr0.125Ca0.5La0.375Fe0.25.75,2.45648,2.32675
Sr0.125Ca0.5Sm0.375Fe0.25.75,2.24444,2.11526
Sr0.125Ca0.5Y0.375Co0.5Ti0.5,2.71421,2.59116
Sr0.125Ca0.5Y0.375Cu0.5Ti0.5,2.53616,2.41267
Sr0.125Ca0.5Y0.375Fe0.25.75,2.19041,2.05819
Sr0.125Ca0.5Y0.375Mg0.5Ti0.5,2.63455,2.50977
Sr0.125Ca0.5Y0.375Mn0.5Ti0.5,2.73292,2.60814
Sr0.125Ca0.5Y0.375Ni0.5Ti0.5,2.59415,2.46839
Sr0.125Ca0.625K0.125Sm0.125Ti1,2.07687,2.01145
Sr0.125Ca0.625K0.125Y0.125Ti1,2.04926,1.98256
Sr0.125Ca0.625La0.125K0.125Ti1,2.0659,2.00036
Sr0.125Ca0.625La0.25Fe0.25.75,2.31609,2.18687
Sr0.125Ca0.625Sm0.25Fe0.25.75,2.18772,2.05526
Sr0.125Ca0.625Y0.25Fe0.125.875,2.73256,2.57021
Sr0.125Ca0.625Y0.25Fe0.25.75,2.14715,2.01038
Sr0.125Ca0.75La0.125Fe0.25.75,2.04099,1.9111
Sr0.125Ca0.875Co0.125Cu0.125.75,2.73465,2.60981
Sr0.125Ca0.875Co0.125Cu0.25.625,2.71977,2.59368
Sr0.125Ca0.875Co0.125Mg0.125.75,2.73465,2.60981
Sr0.125Ca0.875Co0.125Mg0.25.625,2.71977,2.59368
Sr0.125Ca0.875Co0.125Mn0.125.75,2.73465,2.60981
Sr0.125Ca0.875Co0.125Mn0.25.625,2.71977,2.59368
Sr0.125Ca0.875Co0.125Ni0.125.75,2.73465,2.60981
Sr0.125Ca0.875Co0.125Ni0.25.625,2.71977,2.59368
Sr0.125Ca0.875Co0.25Cu0.125.625,2.71977,2.59368
Sr0.125Ca0.875Co0.25Mg0.125.625,2.71977,2.59368
Sr0.125Ca0.875Co0.25Mn0.125.625,2.71977,2.59368
Sr0.125Ca0.875Co0.25Ni0.125.625,2.71977,2.59368
Sr0.125Ca0.875Cu0.125Mg0.125.75,2.73465,2.60981
Sr0.125Ca0.875Cu0.125Mg0.25.625,2.71977,2.59368
Sr0.125Ca0.875Cu0.125Mn0.125.75,2.73465,2.60981
Sr0.125Ca0.875Cu0.125Mn0.25.625,2.71977,2.59368
Sr0.125Ca0.875Cu0.125Ni0.125.75,2.73465,2.60981
Sr0.125Ca0.875Cu0.125Ni0.25.625,2.71977,2.59368
Sr0.125Ca0.875Cu0.25Mg0.125.625,2.71977,2.59368
Sr0.125Ca0.875Cu0.25Mn0.125.625,2.71977,2.59368
Sr0.125Ca0.875Cu0.25Ni0.125.625,2.71977,2.59368
Sr0.125Ca0.875Fe0.125Co0.125.75,2.07528,1.92061
Sr0.125Ca0.875Fe0.125Co0.25.625,2.09196,1.93732
Sr0.125Ca0.875Fe0.125Cu0.125.75,2.07528,1.92061
Sr0.125Ca0.875Fe0.125Cu0.25.625,2.09196,1.93732
Sr0.125Ca0.875Fe0.125Mg0.125.75,2.07528,1.92061
Sr0.125Ca0.875Fe0.125Mg0.25.625,2.09196,1.93732
Sr0.125Ca0.875Fe0.125Mn0.125.75,2.07528,1.92061
Sr0.125Ca0.875Fe0.125Mn0.25.625,2.09196,1.93732
Sr0.125Ca0.875Fe0.125Ni0.125.75,2.07528,1.92061
Sr0.125Ca0.875Fe0.125Ni0.25.625,2.09196,1.93732
Sr0.125Ca0.875Mg0.125Ni0.125.75,2.73465,2.60981
Sr0.125Ca0.875Mg0.125Ni0.25.625,2.71977,2.59368
Sr0.125Ca0.875Mg0.25Ni0.125.625,2.71977,2.59368
Sr0.125Ca0.875Mn0.125Mg0.125.75,2.73465,2.60981
Sr0.125Ca0.875Mn0.125Mg0.25.625,2.71977,2.59368
Sr0.125Ca0.875Mn0.125Ni0.125.75,2.73465,2.60981
Sr0.125Ca0.875Mn0.125Ni0.25.625,2.71977,2.59368
Sr0.125Ca0.875Mn0.25Mg0.125.625,2.71977,2.59368
Sr0.125Ca0.875Mn0.25Ni0.125.625,2.71977,2.59368
Sr0.125K0.125Sm0.75Co0.25.75,1.96967,1.8919
Sr0.125K0.125Sm0.75Cu0.25.75,1.96967,1.8919
Sr0.125K0.125Sm0.75Mg0.25.75,1.96967,1.8919
Sr0.125K0.125Sm0.75Mn0.25.75,1.96967,1.8919
Sr0.125K0.125Sm0.75Ni0.25.75,1.96967,1.8919
Sr0.125K0.125Y0.125Sm0.625Ti1,2.31184,2.25201
Sr0.125K0.125Y0.25Sm0.5Ti1,2.20578,2.14669
Sr0.125K0.125Y0.375Sm0.375Ti1,2.19703,2.1361
Sr0.125K0.125Y0.5Sm0.25Ti1,2.20201,2.13798
Sr0.125K0.125Y0.625Sm0.125Ti1,2.37158,2.31135
Sr0.125K0.125Y0.75Co0.125.875,1.9979,1.92512
Sr0.125K0.125Y0.75Co0.25.75,2.02405,1.93846
Sr0.125K0.125Y0.75Cu0.125.875,1.9979,1.92512
Sr0.125K0.125Y0.75Cu0.25.75,2.02405,1.93846
Sr0.125K0.125Y0.75Mg0.125.875,1.9979,1.92512
Sr0.125K0.125Y0.75Mg0.25.75,2.02405,1.93846
Sr0.125K0.125Y0.75Mn0.125.875,1.9979,1.92512
Sr0.125K0.125Y0.75Mn0.25.75,2.02405,1.93846
Sr0.125K0.125Y0.75Ni0.125.875,1.9979,1.92512
Sr0.125K0.125Y0.75Ni0.25.75,2.02405,1.93846
Sr0.125K0.25Y0.125Sm0.5Ti1,2.14587,2.08989
Sr0.125K0.25Y0.25Sm0.375Ti1,2.14945,2.09355
Sr0.125K0.25Y0.375Sm0.25Ti1,2.12734,2.06851
Sr0.125K0.25Y0.5Sm0.125Ti1,2.1523,2.09141
Sr0.125La0.125K0.125Sm0.625Ti1,2.31624,2.25655
Sr0.125La0.125K0.125Y0.625Ti1,2.38221,2.32295
Sr0.125La0.125K0.25Sm0.5Ti1,2.14608,2.08945
Sr0.125La0.125K0.25Y0.5Ti1,2.14537,2.08519
Sr0.125La0.25K0.125Sm0.5Ti1,2.2658,2.20829
Sr0.125La0.25K0.125Y0.5Ti1,2.2047,2.14249
Sr0.125La0.25K0.25Sm0.375Ti1,2.20948,2.15514
Sr0.125La0.25K0.25Y0.375Ti1,2.17024,2.11445
Sr0.125La0.25Y0.625Ni0.625Ti0.375,2.61471,2.48821
Sr0.125La0.375K0.125Sm0.375Ti1,2.26934,2.2061
Sr0.125La0.375K0.125Y0.375Ti1,2.21638,2.1531
Sr0.125La0.375K0.25Sm0.25Ti1,2.19095,2.13224
Sr0.125La0.375K0.25Y0.25Ti1,2.17222,2.11383
Sr0.125La0.375Sm0.5Fe0.625Ti0.375,2.61224,2.49276
Sr0.125La0.375Sm0.5Ni0.625Ti0.375,2.58558,2.46232
Sr0.125La0.5K0.125Sm0.25Ti1,2.2772,2.21977
Sr0.125La0.5K0.125Y0.25Ti1,2.25846,2.20136
Sr0.125La0.5K0.25Sm0.125Ti1,2.21084,2.15842
Sr0.125La0.5K0.25Y0.125Ti1,2.19211,2.14001
Sr0.125La0.625K0.125Sm0.125Ti1,2.2973,2.23865
Sr0.125La0.625K0.125Y0.125Ti1,2.29141,2.23417
Sr0.125La0.75K0.125Co0.25.75,1.98633,1.91148
Sr0.125La0.75K0.125Cu0.25.75,1.98633,1.91148
Sr0.125La0.75K0.125Mg0.25.75,1.98633,1.91148
Sr0.125La0.75K0.125Mn0.25.75,1.98633,1.91148
Sr0.125La0.75K0.125Ni0.25.75,1.98633,1.91148
Sr0.125La0.875Co0.125Mg0.5Ti0.375,2.64198,2.51638
Sr0.125La0.875Cu0.125Mg0.5Ti0.375,2.64198,2.51638
Sr0.125La0.875Fe0.125Mg0.5Ti0.375,2.67667,2.55719
Sr0.125La0.875Mg0.5Ni0.125Ti0.375,2.64198,2.51638
Sr0.125La0.875Mn0.125Mg0.5Ti0.375,2.71525,2.58749
Sr0.125Sm0.875Co0.125Mg0.5Ti0.375,2.7182,2.59599
Sr0.125Sm0.875Co0.125Mn0.625Ti0.25,2.31302,2.17254
Sr0.125Sm0.875Co0.25Mn0.5Ti0.25,2.15086,2.01116
Sr0.125Sm0.875Co0.375Mn0.375Ti0.25,2.04765,1.90589
Sr0.125Sm0.875Co0.5Mn0.25Ti0.25,2.00551,1.85615
Sr0.125Sm0.875Co0.625Mn0.125Ti0.25,2.0554,1.90563
Sr0.125Sm0.875Co0.625Ni0.125Ti0.25,1.99628,1.84292
Sr0.125Sm0.875Cu0.125Mn0.625Ti0.25,2.30735,2.16669
Sr0.125Sm0.875Fe0.125Co0.125Ti0.25,2.13017,1.9953
Sr0.125Sm0.875Fe0.125Co0.625Ti0.25,2.51608,2.36102
Sr0.125Sm0.875Fe0.125Cu0.125Ti0.25,2.12007,1.98909
Sr0.125Sm0.875Fe0.125Mg0.125Ti0.25,2.13635,2.00121
Sr0.125Sm0.875Fe0.125Mn0.125Ti0.25,2.33096,2.19826
Sr0.125Sm0.875Fe0.125Mn0.625Ti0.25,2.54671,2.40984
Sr0.125Sm0.875Fe0.125Ni0.125Ti0.25,2.12591,1.99056
Sr0.125Sm0.875Fe0.25Co0.5Ti0.25,2.57962,2.43298
Sr0.125Sm0.875Fe0.25Mn0.5Ti0.25,2.5379,2.40254
Sr0.125Sm0.875Fe0.375Co0.375Ti0.25,2.6635,2.52298
Sr0.125Sm0.875Fe0.375Mn0.375Ti0.25,2.68937,2.55393
Sr0.125Sm0.875Fe0.5Co0.25Ti0.25,2.54984,2.41197
Sr0.125Sm0.875Fe0.5Cu0.25Ti0.25,2.1636,2.01792
Sr0.125Sm0.875Fe0.5Mn0.25Ti0.25,2.61535,2.48027
Sr0.125Sm0.875Fe0.5Ni0.25Ti0.25,2.53946,2.40488
Sr0.125Sm0.875Mg0.5Ni0.125Ti0.375,2.7182,2.59599
Sr0.125Sm0.875Mn0.5Ni0.25Ti0.25,2.15858,2.01971
Sr0.125Sm0.875Mn0.625Mg0.125Ti0.25,2.31302,2.17254
Sr0.125Sm0.875Mn0.625Ni0.125Ti0.25,2.33309,2.19268
Sr0.125Y0.25Sm0.625Fe0.625Ti0.375,2.73245,2.60806
Sr0.125Y0.375Sm0.5Fe0.5Ti0.5,2.73827,2.60262
Sr0.125Y0.375Sm0.5Fe0.625Ti0.375,2.33839,2.22506
Sr0.125Y0.375Sm0.5Ni0.625Ti0.375,2.37489,2.25251
Sr0.125Y0.5Sm0.375Ni0.625Ti0.375,2.44374,2.32232
Sr0.125Y0.625Sm0.25Fe0.625Ti0.375,2.56044,2.43503
Sr0.125Y0.625Sm0.25Ni0.625Ti0.375,2.59695,2.47017
Sr0.25Ba0.125Ca0.5K0.125Ti1,2.08519,2.01534
Sr0.25Ba0.125Ca0.625Fe0.125.875,2.66301,2.50041
Sr0.25Ba0.125K0.125Sm0.5Ti1,2.23825,2.17333
Sr0.25Ba0.125K0.125Y0.5Ti1,2.19237,2.12272
Sr0.25Ba0.125La0.5K0.125Ti1,2.23923,2.17831
Sr0.25Ba0.25Ca0.375K0.125Ti1,2.1724,2.10692
Sr0.25Ba0.25Ca0.5Fe0.125.875,2.72979,2.57106
Sr0.25Ba0.25K0.125Sm0.375Ti1,2.25909,2.19451
Sr0.25Ba0.25K0.125Y0.375Ti1,2.19733,2.12989
Sr0.25Ba0.25La0.375K0.125Ti1,2.2584,2.19384
Sr0.25Ba0.25Y0.5Fe0.25.75,2.66435,2.5194
Sr0.25Ba0.375Ca0.25K0.125Ti1,2.14157,2.07453
Sr0.25Ba0.375Ca0.375Fe0.125.875,2.72025,2.56385
Sr0.25Ba0.375K0.125Sm0.25Ti1,2.1755,2.11081
Sr0.25Ba0.375K0.125Y0.25Ti1,2.14345,2.07864
Sr0.25Ba0.375La0.25K0.125Ti1,2.21426,2.15414
Sr0.25Ba0.375La0.375Fe0.25.75,2.68106,2.54206
Sr0.25Ba0.375Sm0.375Fe0.25.75,2.42525,2.28683
Sr0.25Ba0.375Y0.375Fe0.25.75,2.35709,2.21499
Sr0.25Ba0.5Ca0.125K0.125Ti1,2.08943,2.02012
Sr0.25Ba0.5Ca0.25Fe0.125.875,2.60208,2.44979
Sr0.25Ba0.5K0.125Sm0.125Ti1,2.14659,2.08144
Sr0.25Ba0.5K0.125Y0.125Ti1,2.10434,2.03882
Sr0.25Ba0.5La0.125K0.125Ti1,2.13112,2.06813
Sr0.25Ba0.5La0.25Fe0.25.75,2.35051,2.21193
Sr0.25Ba0.5Sm0.25Fe0.25.75,2.19965,2.05872
Sr0.25Ba0.5Y0.25Fe0.125.875,2.69464,2.56383
Sr0.25Ba0.5Y0.25Fe0.25.75,2.14478,1.99839
Sr0.25Ba0.625Ca0.125Fe0.125.875,2.55463,2.4096
Sr0.25Ba0.625La0.125Fe0.25.75,2.17078,2.03598
Sr0.25Ba0.75Co0.125Cu0.125.75,2.6885,2.5598
Sr0.25Ba0.75Co0.125Cu0.25.625,2.69303,2.55892
Sr0.25Ba0.75Co0.125Cu0.375Ti0.5,2.0938,1.95418
Sr0.25Ba0.75Co0.125Mg0.125.75,2.6885,2.5598
Sr0.25Ba0.75Co0.125Mg0.25.625,2.69303,2.55892
Sr0.25Ba0.75Co0.125Mg0.375Ti0.5,2.10787,1.96539
Sr0.25Ba0.75Co0.125Mn0.125.75,2.6885,2.5598
Sr0.25Ba0.75Co0.125Mn0.25.625,2.69303,2.55892
Sr0.25Ba0.75Co0.125Mn0.375Ti0.5,2.11082,1.96866
Sr0.25Ba0.75Co0.125Ni0.125.75,2.6885,2.5598
Sr0.25Ba0.75Co0.125Ni0.25.625,2.69303,2.55892
Sr0.25Ba0.75Co0.125Ni0.375Ti0.5,2.11874,1.97727
Sr0.25Ba0.75Co0.25Cu0.125.625,2.69303,2.55892
Sr0.25Ba0.75Co0.25Cu0.25Ti0.5,2.0938,1.95418
Sr0.25Ba0.75Co0.25Mg0.125.625,2.69303,2.55892
Sr0.25Ba0.75Co0.25Mg0.25Ti0.5,2.1049,1.96293
Sr0.25Ba0.75Co0.25Mn0.125.625,2.69303,2.55892
Sr0.25Ba0.75Co0.25Mn0.25Ti0.5,2.1049,1.96293
Sr0.25Ba0.75Co0.25Ni0.125.625,2.69303,2.55892
Sr0.25Ba0.75Co0.25Ni0.25Ti0.5,2.1049,1.96293
Sr0.25Ba0.75Co0.375Cu0.125Ti0.5,2.1049,1.96293
Sr0.25Ba0.75Co0.375Mg0.125Ti0.5,2.1049,1.96293
Sr0.25Ba0.75Co0.375Mn0.125Ti0.5,2.1049,1.96293
Sr0.25Ba0.75Co0.375Ni0.125Ti0.5,2.1049,1.96293
Sr0.25Ba0.75Cu0.125Mg0.125.75,2.6885,2.5598
Sr0.25Ba0.75Cu0.125Mg0.25.625,2.69303,2.55892
Sr0.25Ba0.75Cu0.125Mg0.375Ti0.5,2.10787,1.96539
Sr0.25Ba0.75Cu0.125Mn0.125.75,2.6885,2.5598
Sr0.25Ba0.75Cu0.125Mn0.25.625,2.69303,2.55892
Sr0.25Ba0.75Cu0.125Mn0.375Ti0.5,2.11082,1.96866
Sr0.25Ba0.75Cu0.125Ni0.125.75,2.6885,2.5598
Sr0.25Ba0.75Cu0.125Ni0.25.625,2.69303,2.55892
Sr0.25Ba0.75Cu0.125Ni0.375Ti0.5,2.11874,1.97727
Sr0.25Ba0.75Cu0.25Mg0.125.625,2.69303,2.55892
Sr0.25Ba0.75Cu0.25Mg0.25Ti0.5,2.0938,1.95418
Sr0.25Ba0.75Cu0.25Mn0.125.625,2.69303,2.55892
Sr0.25Ba0.75Cu0.25Mn0.25Ti0.5,2.0938,1.95418
Sr0.25Ba0.75Cu0.25Ni0.125.625,2.69303,2.55892
Sr0.25Ba0.75Cu0.25Ni0.25Ti0.5,2.0938,1.95418
Sr0.25Ba0.75Cu0.375Mg0.125Ti0.5,2.0938,1.95418
Sr0.25Ba0.75Cu0.375Mn0.125Ti0.5,2.0938,1.95418
Sr0.25Ba0.75Cu0.375Ni0.125Ti0.5,2.0938,1.95418
Sr0.25Ba0.75Fe0.125Co0.125.75,2.00476,1.85968
Sr0.25Ba0.75Fe0.125Cu0.125.75,2.00476,1.85968
Sr0.25Ba0.75Fe0.125Mg0.125.75,2.00476,1.85968
Sr0.25Ba0.75Fe0.125Mn0.125.75,2.00476,1.85968
Sr0.25Ba0.75Fe0.125Ni0.125.75,2.00476,1.85968
Sr0.25Ba0.75Mg0.125Ni0.125.75,2.6885,2.5598
Sr0.25Ba0.75Mg0.125Ni0.25.625,2.69303,2.55892
Sr0.25Ba0.75Mg0.125Ni0.375Ti0.5,2.11874,1.97727
Sr0.25Ba0.75Mg0.25Ni0.125.625,2.69303,2.55892
Sr0.25Ba0.75Mg0.25Ni0.25Ti0.5,2.1049,1.96293
Sr0.25Ba0.75Mg0.375Ni0.125Ti0.5,2.10787,1.96539
Sr0.25Ba0.75Mn0.125Mg0.125.75,2.6885,2.5598
Sr0.25Ba0.75Mn0.125Mg0.25.625,2.69303,2.55892
Sr0.25Ba0.75Mn0.125Mg0.375Ti0.5,2.10787,1.96539
Sr0.25Ba0.75Mn0.125Ni0.125.75,2.6885,2.5598
Sr0.25Ba0.75Mn0.125Ni0.25.625,2.69303,2.55892
Sr0.25Ba0.75Mn0.125Ni0.375Ti0.5,2.11874,1.97727
Sr0.25Ba0.75Mn0.25Mg0.125.625,2.69303,2.55892
Sr0.25Ba0.75Mn0.25Mg0.25Ti0.5,2.1049,1.96293
Sr0.25Ba0.75Mn0.25Ni0.125.625,2.69303,2.55892
Sr0.25Ba0.75Mn0.25Ni0.25Ti0.5,2.1049,1.96293
Sr0.25Ba0.75Mn0.375Mg0.125Ti0.5,2.11082,1.96866
Sr0.25Ba0.75Mn0.375Ni0.125Ti0.5,2.11082,1.96866
Sr0.25Ca0.125K0.125Sm0.5Ti1,2.26908,2.20354
Sr0.25Ca0.125K0.125Y0.5Ti1,2.2103,2.13919
Sr0.25Ca0.125La0.5K0.125Ti1,2.26216,2.19899
Sr0.25Ca0.25K0.125Sm0.375Ti1,2.26939,2.20503
Sr0.25Ca0.25K0.125Y0.375Ti1,2.19885,2.13136
Sr0.25Ca0.25La0.375K0.125Ti1,2.2687,2.20436
Sr0.25Ca0.25Y0.5Fe0.25.75,2.66487,2.53245
Sr0.25Ca0.375K0.125Sm0.25Ti1,2.21217,2.14832
Sr0.25Ca0.375K0.125Y0.25Ti1,2.17512,2.11159
Sr0.25Ca0.375La0.25K0.125Ti1,2.24537,2.18561
Sr0.25Ca0.375Sm0.375Fe0.25.75,2.53939,2.40828
Sr0.25Ca0.375Y0.375Fe0.25.75,2.47124,2.33644
Sr0.25Ca0.5K0.125Sm0.125Ti1,2.11898,2.05131
Sr0.25Ca0.5K0.125Y0.125Ti1,2.06993,2.00111
Sr0.25Ca0.5La0.125K0.125Ti1,2.10236,2.03668
Sr0.25Ca0.5La0.25Fe0.25.75,2.38468,2.25014
Sr0.25Ca0.5Sm0.25Fe0.25.75,2.27307,2.13747
Sr0.25Ca0.5Y0.25Fe0.25.75,2.21893,2.07856
Sr0.25Ca0.625La0.125Fe0.25.75,2.14769,2.01447
Sr0.25Ca0.75Fe0.125Co0.125.75,2.55819,2.3825
Sr0.25Ca0.75Fe0.125Cu0.125.75,2.55819,2.3825
Sr0.25Ca0.75Fe0.125Mg0.125.75,2.55819,2.3825
Sr0.25Ca0.75Fe0.125Mn0.125.75,2.55819,2.3825
Sr0.25Ca0.75Fe0.125Ni0.125.75,2.55819,2.3825
Sr0.25K0.125Sm0.625Co0.125.875,1.93773,1.86877
Sr0.25K0.125Sm0.625Co0.25.75,1.94429,1.87114
Sr0.25K0.125Sm0.625Cu0.125.875,1.93773,1.86877
Sr0.25K0.125Sm0.625Cu0.25.75,1.94429,1.87114
Sr0.25K0.125Sm0.625Mg0.125.875,1.93773,1.86877
Sr0.25K0.125Sm0.625Mg0.25.75,1.94429,1.87114
Sr0.25K0.125Sm0.625Mn0.125.875,1.93773,1.86877
Sr0.25K0.125Sm0.625Mn0.25.75,1.94429,1.87114
Sr0.25K0.125Sm0.625Ni0.125.875,1.93773,1.86877
Sr0.25K0.125Sm0.625Ni0.25.75,1.94429,1.87114
Sr0.25K0.125Y0.125Sm0.5Ti1,2.31065,2.25124
Sr0.25K0.125Y0.25Sm0.375Ti1,2.30963,2.25096
Sr0.25K0.125Y0.375Sm0.25Ti1,2.25952,2.19828
Sr0.25K0.125Y0.5Sm0.125Ti1,2.27643,2.21257
Sr0.25La0.125K0.125Sm0.5Ti1,2.32592,2.26697
Sr0.25La0.125K0.125Y0.5Ti1,2.26384,2.20281
Sr0.25La0.25K0.125Sm0.375Ti1,2.36683,2.31181
Sr0.25La0.25K0.125Y0.375Ti1,2.29667,2.24117
Sr0.25La0.375K0.125Sm0.25Ti1,2.32333,2.25987
Sr0.25La0.375K0.125Y0.25Ti1,2.30166,2.23916
Sr0.25La0.5K0.125Sm0.125Ti1,2.32398,2.26524
Sr0.25La0.5K0.125Y0.125Ti1,2.30232,2.24453
Sr0.25La0.625K0.125Co0.125.875,1.97121,1.90155
Sr0.25La0.625K0.125Cu0.125.875,1.97121,1.90155
Sr0.25La0.625K0.125Mg0.125.875,1.97121,1.90155
Sr0.25La0.625K0.125Mn0.125.875,1.97121,1.90155
Sr0.25La0.625K0.125Ni0.125.875,1.97121,1.90155
Sr0.375Ba0.125Ca0.375K0.125Ti1,2.10283,2.03919
Sr0.375Ba0.125Ca0.5Fe0.125.875,2.27296,2.12229
Sr0.375Ba0.125K0.125Sm0.375Ti1,2.118,2.05574
Sr0.375Ba0.125K0.125Y0.375Ti1,2.10153,2.03476
Sr0.375Ba0.125La0.375K0.125Ti1,2.18902,2.12267
Sr0.375Ba0.125Sm0.5Fe0.25.75,2.68433,2.55111
Sr0.375Ba0.125Y0.5Fe0.25.75,2.73248,2.59349
Sr0.375Ba0.25Ca0.25K0.125Ti1,2.12402,2.05833
Sr0.375Ba0.25Ca0.375Fe0.125.875,2.49937,2.34542
Sr0.375Ba0.25K0.125Sm0.25Ti1,2.12201,2.05981
Sr0.375Ba0.25K0.125Y0.25Ti1,2.11061,2.04529
Sr0.375Ba0.25La0.25K0.125Ti1,2.18709,2.12694
Sr0.375Ba0.25Sm0.375Fe0.25.75,2.64061,2.50692
Sr0.375Ba0.25Y0.375Fe0.25.75,2.66412,2.52462
Sr0.375Ba0.375Ca0.125K0.125Ti1,2.08627,2.01866
Sr0.375Ba0.375Ca0.25Fe0.125.875,2.33977,2.1856
Sr0.375Ba0.375K0.125Sm0.125Ti1,2.09721,2.03446
Sr0.375Ba0.375K0.125Y0.125Ti1,2.08568,2.02013
Sr0.375Ba0.375La0.125K0.125Ti1,2.11246,2.04944
Sr0.375Ba0.375La0.25Fe0.25.75,2.67865,2.55278
Sr0.375Ba0.375Sm0.25Fe0.25.75,2.51121,2.37992
Sr0.375Ba0.375Y0.25Fe0.125.875,2.51243,2.37303
Sr0.375Ba0.375Y0.25Fe0.25.75,2.57018,2.43234
Sr0.375Ba0.5Ca0.125Fe0.125.875,2.20574,2.05842
Sr0.375Ba0.5La0.125Fe0.125.875,2.64727,2.51407
Sr0.375Ba0.5La0.125Fe0.25.75,2.47248,2.34988
Sr0.375Ba0.5Sm0.125Fe0.125.875,2.62918,2.49148
Sr0.375Ba0.5Sm0.125Fe0.25.75,2.19371,2.06075
Sr0.375Ba0.5Y0.125Fe0.125.875,2.45193,2.3168
Sr0.375Ba0.5Y0.125Fe0.25.75,2.05565,1.9235
Sr0.375Ba0.625Fe0.125Co0.125.75,2.27575,2.14501
Sr0.375Ba0.625Fe0.125Cu0.125.75,2.27575,2.14501
Sr0.375Ba0.625Fe0.125Mg0.125.75,2.27575,2.14501
Sr0.375Ba0.625Fe0.125Mn0.125.75,2.27575,2.14501
Sr0.375Ba0.625Fe0.125Ni0.125.75,2.27575,2.14501
Sr0.375Ca0.125K0.125Sm0.375Ti1,2.14593,2.08541
Sr0.375Ca0.125K0.125Y0.375Ti1,2.11983,2.05389
Sr0.375Ca0.125La0.375K0.125Ti1,2.21549,2.14791
Sr0.375Ca0.125Sm0.5Cu0.5Ti0.5,2.72232,2.60764
Sr0.375Ca0.125Sm0.5Fe0.25.75,2.48286,2.36034
Sr0.375Ca0.125Y0.5Cu0.5Ti0.5,2.65977,2.53963
Sr0.375Ca0.125Y0.5Fe0.25.75,2.5124,2.38511
Sr0.375Ca0.125Y0.5Fe0.375.625,2.49929,2.35537
Sr0.375Ca0.125Y0.5Mg0.5Ti0.5,2.72489,2.60515
Sr0.375Ca0.125Y0.5Mn0.625Ti0.375,2.53763,2.41741
Sr0.375Ca0.125Y0.5Ni0.5Ti0.5,2.70944,2.58785
Sr0.375Ca0.25K0.125Sm0.25Ti1,2.13483,2.07461
Sr0.375Ca0.25K0.125Y0.25Ti1,2.12756,2.06478
Sr0.375Ca0.25La0.25K0.125Ti1,2.19991,2.14174
Sr0.375Ca0.25La0.375Fe0.25.75,2.70644,2.58098
Sr0.375Ca0.25Sm0.375Cu0.5Ti0.5,2.63063,2.50466
Sr0.375Ca0.25Sm0.375Fe0.25.75,2.44878,2.32393
Sr0.375Ca0.25Sm0.375Mg0.5Ti0.5,2.68766,2.56398
Sr0.375Ca0.25Sm0.375Ni0.5Ti0.5,2.68898,2.56186
Sr0.375Ca0.25Y0.375Cu0.5Ti0.5,2.60291,2.47673
Sr0.375Ca0.25Y0.375Fe0.25.75,2.46886,2.33855
Sr0.375Ca0.25Y0.375Mg0.5Ti0.5,2.68578,2.55867
Sr0.375Ca0.25Y0.375Ni0.5Ti0.5,2.63053,2.50242
Sr0.375Ca0.375K0.125Sm0.125Ti1,2.13316,2.07405
Sr0.375Ca0.375K0.125Y0.125Ti1,2.12243,2.06112
Sr0.375Ca0.375La0.125K0.125Ti1,2.14286,2.08322
Sr0.375Ca0.375La0.25Co0.5Ti0.5,2.71242,2.60671
Sr0.375Ca0.375La0.25Cu0.5Ti0.5,2.54033,2.43588
Sr0.375Ca0.375La0.25Fe0.25.75,2.44622,2.32228
Sr0.375Ca0.375La0.25Mg0.5Ti0.5,2.65279,2.54623
Sr0.375Ca0.375La0.25Mn0.5Ti0.5,2.7177,2.61119
Sr0.375Ca0.375La0.25Ni0.5Ti0.5,2.52271,2.41612
Sr0.375Ca0.375Sm0.25Cu0.5Ti0.5,2.5897,2.4779
Sr0.375Ca0.375Sm0.25Fe0.25.75,2.32602,2.19739
Sr0.375Ca0.375Sm0.25Mg0.5Ti0.5,2.67016,2.56011
Sr0.375Ca0.375Sm0.25Ni0.5Ti0.5,2.58462,2.47215
Sr0.375Ca0.375Y0.25Co0.5Ti0.5,2.68913,2.57206
Sr0.375Ca0.375Y0.25Cu0.5Ti0.5,2.49356,2.37651
Sr0.375Ca0.375Y0.25Fe0.25.75,2.37195,2.23696
Sr0.375Ca0.375Y0.25Mg0.5Ti0.5,2.63181,2.51355
Sr0.375Ca0.375Y0.25Mn0.5Ti0.5,2.69172,2.57325
Sr0.375Ca0.375Y0.25Ni0.5Ti0.5,2.50034,2.38374
Sr0.375Ca0.5La0.125Fe0.125.875,2.6442,2.49682
Sr0.375Ca0.5La0.125Fe0.25.75,2.17442,2.05254
Sr0.375Ca0.5Sm0.125Fe0.125.875,2.64005,2.48599
Sr0.375Ca0.5Y0.125Fe0.125.875,2.42669,2.2751
Sr0.375Ca0.625Fe0.125Co0.125.75,2.03953,1.89211
Sr0.375Ca0.625Fe0.125Co0.25.625,2.11204,1.9612
Sr0.375Ca0.625Fe0.125Cu0.125.75,2.03953,1.89211
Sr0.375Ca0.625Fe0.125Cu0.25.625,2.11204,1.9612
Sr0.375Ca0.625Fe0.125Mg0.125.75,2.03953,1.89211
Sr0.375Ca0.625Fe0.125Mg0.25.625,2.11204,1.9612
Sr0.375Ca0.625Fe0.125Mn0.125.75,2.03953,1.89211
Sr0.375Ca0.625Fe0.125Mn0.25.625,2.11204,1.9612
Sr0.375Ca0.625Fe0.125Ni0.125.75,2.03953,1.89211
Sr0.375Ca0.625Fe0.125Ni0.25.625,2.11204,1.9612
Sr0.375K0.125Y0.125Sm0.375Ti1,2.18,2.12465
Sr0.375K0.125Y0.25Sm0.25Ti1,2.16215,2.10726
Sr0.375K0.125Y0.375Sm0.125Ti1,2.15214,2.095
Sr0.375La0.125K0.125Sm0.375Ti1,2.19528,2.14038
Sr0.375La0.125K0.125Y0.375Ti1,2.16588,2.10904
Sr0.375La0.125Sm0.5Co0.625Ti0.375,2.64358,2.53227
Sr0.375La0.125Sm0.5Fe0.5Ti0.5,2.24179,2.10766
Sr0.375La0.125Sm0.5Fe0.625Ti0.375,2.18906,2.07496
Sr0.375La0.125Y0.5Co0.625Ti0.375,2.73647,2.62243
Sr0.375La0.125Y0.5Fe0.5Ti0.5,2.35926,2.2373
Sr0.375La0.25K0.125Sm0.25Ti1,2.22861,2.17675
Sr0.375La0.25K0.125Y0.25Ti1,2.22714,2.17488
Sr0.375La0.25Sm0.375Co0.625Ti0.375,2.72455,2.61386
Sr0.375La0.25Sm0.375Fe0.5Ti0.5,2.41124,2.28932
Sr0.375La0.25Y0.375Co0.625Ti0.375,2.63982,2.52297
Sr0.375La0.25Y0.375Fe0.5Ti0.5,2.35933,2.23758
Sr0.375La0.375K0.125Sm0.125Ti1,2.25334,2.19107
Sr0.375La0.375K0.125Y0.125Ti1,2.24874,2.18552
Sr0.375La0.375Sm0.25Co0.625Ti0.375,2.70922,2.58406
Sr0.375La0.375Sm0.25Fe0.5Ti0.5,2.58724,2.46379
Sr0.375La0.375Y0.25Co0.625Ti0.375,2.72421,2.59792
Sr0.375La0.375Y0.25Fe0.5Ti0.5,2.58711,2.46473
Sr0.375La0.625Co0.25Mg0.375Ti0.375,2.58196,2.46431
Sr0.375La0.625Co0.25Ni0.375Ti0.375,2.66045,2.53643
Sr0.375La0.625Co0.375Mg0.25Ti0.375,2.7226,2.58698
Sr0.375La0.625Cu0.25Mg0.375Ti0.375,2.58918,2.47142
Sr0.375La0.625Cu0.25Ni0.375Ti0.375,2.6623,2.53779
Sr0.375La0.625Fe0.25Mg0.375Ti0.375,2.34324,2.22325
Sr0.375La0.625Fe0.25Ni0.375Ti0.375,2.45821,2.33274
Sr0.375La0.625Fe0.375Co0.25Ti0.375,2.51683,2.39249
Sr0.375La0.625Fe0.375Cu0.25Ti0.375,2.48888,2.36428
Sr0.375La0.625Fe0.375Mg0.25Ti0.375,2.41721,2.29153
Sr0.375La0.625Fe0.375Mn0.25Ti0.375,2.55076,2.42576
Sr0.375La0.625Fe0.375Ni0.25Ti0.375,2.5033,2.3783
Sr0.375La0.625Fe0.5Co0.125Ti0.375,2.53343,2.40346
Sr0.375La0.625Fe0.5Cu0.125Ti0.375,2.47017,2.33996
Sr0.375La0.625Fe0.5Mg0.125Ti0.375,2.52663,2.39653
Sr0.375La0.625Fe0.5Mn0.125Ti0.375,2.5045,2.37409
Sr0.375La0.625Fe0.5Ni0.125Ti0.375,2.52914,2.3986
Sr0.375La0.625Mg0.25Ni0.375Ti0.375,2.66045,2.53643
Sr0.375La0.625Mg0.375Ni0.25Ti0.375,2.58196,2.46431
Sr0.375La0.625Mn0.25Mg0.375Ti0.375,2.65103,2.53191
Sr0.375La0.625Mn0.25Ni0.375Ti0.375,2.71987,2.59525
Sr0.375Sm0.625Co0.125Mg0.5Ti0.375,2.35071,2.23558
Sr0.375Sm0.625Co0.125Ni0.5Ti0.375,2.73046,2.61469
Sr0.375Sm0.625Co0.25Mg0.375Ti0.375,2.51595,2.39521
Sr0.375Sm0.625Co0.375Mg0.25Ti0.375,2.58279,2.46431
Sr0.375Sm0.625Cu0.125Mg0.5Ti0.375,2.35071,2.23558
Sr0.375Sm0.625Cu0.125Ni0.5Ti0.375,2.72874,2.6122
Sr0.375Sm0.625Cu0.25Ni0.375Ti0.375,2.70956,2.59165
Sr0.375Sm0.625Fe0.125Mg0.5Ti0.375,2.34144,2.21751
Sr0.375Sm0.625Fe0.125Ni0.5Ti0.375,2.72888,2.60364
Sr0.375Sm0.625Fe0.25Co0.375Ti0.375,2.59914,2.47869
Sr0.375Sm0.625Fe0.25Mg0.375Ti0.375,2.24006,2.11135
Sr0.375Sm0.625Fe0.25Mn0.375Ti0.375,2.69365,2.56109
Sr0.375Sm0.625Fe0.25Ni0.375Ti0.375,2.49838,2.37361
Sr0.375Sm0.625Fe0.375Co0.25Ti0.375,2.70658,2.5762
Sr0.375Sm0.625Fe0.375Cu0.25Ti0.375,2.58206,2.45657
Sr0.375Sm0.625Fe0.375Mg0.25Ti0.375,2.33552,2.20132
Sr0.375Sm0.625Fe0.375Mn0.25Ti0.375,2.7346,2.60251
Sr0.375Sm0.625Fe0.375Ni0.25Ti0.375,2.72451,2.59909
Sr0.375Sm0.625Fe0.5Co0.125Ti0.375,2.30016,2.16873
Sr0.375Sm0.625Fe0.5Cu0.125Ti0.375,2.27194,2.1438
Sr0.375Sm0.625Fe0.5Mg0.125Ti0.375,2.31236,2.18483
Sr0.375Sm0.625Fe0.5Mn0.125Ti0.375,2.34839,2.21672
Sr0.375Sm0.625Fe0.5Ni0.125Ti0.375,2.35075,2.22252
Sr0.375Sm0.625Mg0.125Ni0.5Ti0.375,2.72772,2.61131
Sr0.375Sm0.625Mg0.25Ni0.375Ti0.375,2.62345,2.50164
Sr0.375Sm0.625Mg0.375Ni0.25Ti0.375,2.51289,2.39291
Sr0.375Sm0.625Mg0.5Ni0.125Ti0.375,2.35071,2.23558
Sr0.375Sm0.625Mn0.125Mg0.5Ti0.375,2.37113,2.25584
Sr0.375Sm0.625Mn0.375Mg0.25Ti0.375,2.65727,2.53138
Sr0.375Y0.125Sm0.5Co0.625Ti0.375,2.66794,2.55348
Sr0.375Y0.125Sm0.5Fe0.5Ti0.5,2.21371,2.07671
Sr0.375Y0.25Sm0.375Fe0.5Ti0.5,2.39014,2.26311
Sr0.375Y0.375Sm0.25Co0.625Ti0.375,2.62066,2.50213
Sr0.375Y0.375Sm0.25Fe0.5Ti0.5,2.33919,2.21186
Sr0.375Y0.5Sm0.125Co0.625Ti0.375,2.71955,2.60219
Sr0.375Y0.5Sm0.125Fe0.5Ti0.5,2.33095,2.20883
Sr0.375Y0.625Co0.125Ni0.5Ti0.375,2.48946,2.36734
Sr0.375Y0.625Co0.25Mg0.375Ti0.375,2.52041,2.40287
Sr0.375Y0.625Co0.375Cu0.25Ti0.375,2.70548,2.58414
Sr0.375Y0.625Co0.375Mg0.25Ti0.375,2.63511,2.51618
Sr0.375Y0.625Cu0.125Ni0.5Ti0.375,2.48002,2.35787
Sr0.375Y0.625Cu0.25Mg0.375Ti0.375,2.45649,2.33683
Sr0.375Y0.625Cu0.25Mn0.375Ti0.375,2.73488,2.61384
Sr0.375Y0.625Cu0.25Ni0.375Ti0.375,2.61513,2.49335
Sr0.375Y0.625Fe0.125Ni0.5Ti0.375,2.51125,2.38247
Sr0.375Y0.625Fe0.25Mg0.375Ti0.375,2.29934,2.17918
Sr0.375Y0.625Fe0.25Ni0.375Ti0.375,2.63816,2.51415
Sr0.375Y0.625Fe0.375Cu0.25Ti0.375,2.4652,2.33951
Sr0.375Y0.625Fe0.375Mg0.25Ti0.375,2.36222,2.23921
Sr0.375Y0.625Fe0.5Co0.125Ti0.375,2.37405,2.25495
Sr0.375Y0.625Fe0.5Cu0.125Ti0.375,2.25435,2.13303
Sr0.375Y0.625Fe0.5Mg0.125Ti0.375,2.34258,2.22469
Sr0.375Y0.625Fe0.5Mn0.125Ti0.375,2.38991,2.27042
Sr0.375Y0.625Fe0.5Ni0.125Ti0.375,2.33302,2.21459
Sr0.375Y0.625Mg0.125Ni0.5Ti0.375,2.48391,2.36248
Sr0.375Y0.625Mg0.25Ni0.375Ti0.375,2.57305,2.45298
Sr0.375Y0.625Mg0.375Ni0.25Ti0.375,2.52041,2.40287
Sr0.375Y0.625Mn0.125Ni0.5Ti0.375,2.50817,2.38652
Sr0.375Y0.625Mn0.25Mg0.375Ti0.375,2.50486,2.3858
Sr0.375Y0.625Mn0.375Mg0.25Ti0.375,2.64722,2.52775
Sr0.5Ba0.125Ca0.375Fe0.125.875,2.21487,2.0601
Sr0.5Ba0.125La0.375Cu0.5Ti0.5,2.67626,2.54311
Sr0.5Ba0.125La0.375Fe0.25.75,2.65786,2.51821
Sr0.5Ba0.125La0.375Mg0.5Ti0.5,2.73788,2.60638
Sr0.5Ba0.125Sm0.375Fe0.25.75,2.53721,2.40469
Sr0.5Ba0.125Y0.375Cu0.5Ti0.5,2.53144,2.39875
Sr0.5Ba0.125Y0.375Fe0.125.875,2.64705,2.50838
Sr0.5Ba0.125Y0.375Fe0.25.75,2.59553,2.45709
Sr0.5Ba0.125Y0.375Mg0.5Ti0.5,2.67609,2.54641
Sr0.5Ba0.125Y0.375Ni0.5Ti0.5,2.62048,2.48967
Sr0.5Ba0.25Ca0.25Fe0.125.875,2.25568,2.1017
Sr0.5Ba0.25La0.25Fe0.25.75,2.58111,2.44934
Sr0.5Ba0.25Sm0.25Fe0.25.75,2.49155,2.35873
Sr0.5Ba0.25Y0.25Fe0.125.875,2.57591,2.43879
Sr0.5Ba0.25Y0.25Fe0.25.75,2.58126,2.43888
Sr0.5Ba0.375Ca0.125Fe0.25.75,1.97079,1.85298
Sr0.5Ba0.375La0.125Fe0.125.875,2.48723,2.34974
Sr0.5Ba0.375La0.125Fe0.25.75,2.59689,2.47712
Sr0.5Ba0.375Sm0.125Fe0.125.875,2.46982,2.32803
Sr0.5Ba0.375Sm0.125Fe0.25.75,2.38851,2.26193
Sr0.5Ba0.375Y0.125Fe0.125.875,2.28166,2.14098
Sr0.5Ba0.375Y0.125Fe0.25.75,2.28128,2.15556
Sr0.5Ba0.5Fe0.125Co0.125.75,2.11884,1.98668
Sr0.5Ba0.5Fe0.125Cu0.125.75,2.11884,1.98668
Sr0.5Ba0.5Fe0.125Mg0.125.75,2.11884,1.98668
Sr0.5Ba0.5Fe0.125Mn0.125.75,2.11884,1.98668
Sr0.5Ba0.5Fe0.125Ni0.125.75,2.11884,1.98668
Sr0.5Ca0.125La0.375Co0.5Ti0.5,2.64986,2.52807
Sr0.5Ca0.125La0.375Cu0.5Ti0.5,2.55579,2.43358
Sr0.5Ca0.125La0.375Fe0.25.75,2.37545,2.24663
Sr0.5Ca0.125La0.375Mg0.5Ti0.5,2.56882,2.44615
Sr0.5Ca0.125La0.375Mn0.5Ti0.5,2.70698,2.58324
Sr0.5Ca0.125La0.375Ni0.5Ti0.5,2.575,2.45319
Sr0.5Ca0.125Sm0.375Co0.5Ti0.5,2.56029,2.44144
Sr0.5Ca0.125Sm0.375Cu0.5Ti0.5,2.36505,2.24759
Sr0.5Ca0.125Sm0.375Fe0.25.75,2.29753,2.17855
Sr0.5Ca0.125Sm0.375Mg0.5Ti0.5,2.44244,2.32731
Sr0.5Ca0.125Sm0.375Mn0.5Ti0.5,2.55349,2.43424
Sr0.5Ca0.125Sm0.375Ni0.5Ti0.5,2.44675,2.32798
Sr0.5Ca0.125Y0.375Co0.5Ti0.5,2.55826,2.44111
Sr0.5Ca0.125Y0.375Cu0.5Ti0.5,2.37407,2.25403
Sr0.5Ca0.125Y0.375Fe0.25.75,2.34154,2.21639
Sr0.5Ca0.125Y0.375Mg0.5Ti0.5,2.45441,2.33526
Sr0.5Ca0.125Y0.375Mn0.5Ti0.5,2.58441,2.46475
Sr0.5Ca0.125Y0.375Ni0.5Ti0.5,2.40392,2.28378
Sr0.5Ca0.25La0.25Co0.5Ti0.5,2.4025,2.28267
Sr0.5Ca0.25La0.25Cu0.5Ti0.5,2.26442,2.14534
Sr0.5Ca0.25La0.25Fe0.25.75,2.35671,2.23295
Sr0.5Ca0.25La0.25Mg0.5Ti0.5,2.34287,2.22218
Sr0.5Ca0.25La0.25Mn0.5Ti0.5,2.40778,2.28715
Sr0.5Ca0.25La0.25Ni0.5Ti0.5,2.30285,2.18188
Sr0.5Ca0.25Sm0.25Co0.5Ti0.5,2.46146,2.33816
Sr0.5Ca0.25Sm0.25Cu0.5Ti0.5,2.3044,2.18312
Sr0.5Ca0.25Sm0.25Fe0.25.75,2.29241,2.16965
Sr0.5Ca0.25Sm0.25Mg0.5Ti0.5,2.36519,2.24528
Sr0.5Ca0.25Sm0.25Mn0.5Ti0.5,2.45624,2.33367
Sr0.5Ca0.25Sm0.25Ni0.5Ti0.5,2.35348,2.2298
Sr0.5Ca0.25Y0.25Co0.5Ti0.5,2.41585,2.28694
Sr0.5Ca0.25Y0.25Cu0.5Ti0.5,2.24515,2.11489
Sr0.5Ca0.25Y0.25Fe0.125.875,2.67195,2.51094
Sr0.5Ca0.25Y0.25Fe0.25.75,2.39192,2.26022
Sr0.5Ca0.25Y0.25Mg0.5Ti0.5,2.35853,2.22843
Sr0.5Ca0.25Y0.25Mn0.5Ti0.5,2.41844,2.28813
Sr0.5Ca0.25Y0.25Ni0.5Ti0.5,2.30125,2.17176
Sr0.5Ca0.375La0.125Fe0.25.75,2.23874,2.11879
Sr0.5Ca0.375Sm0.125Fe0.25.75,1.97009,1.8442
Sr0.5Ca0.375Y0.125Fe0.125.875,2.65942,2.50413
Sr0.5La0.125Y0.375Fe0.5Ti0.5,2.03752,1.91091
Sr0.5La0.25K0.125Sm0.125Ti1,1.94639,1.88776
Sr0.5La0.25K0.125Y0.125Ti1,1.94428,1.88749
Sr0.5La0.375Sm0.125Fe0.5Ti0.5,2.31711,2.21079
Sr0.5La0.375Y0.125Fe0.5Ti0.5,2.28635,2.1815
Sr0.5La0.5Co0.25Mn0.375Ti0.375,2.71467,2.57216
Sr0.5La0.5Fe0.125Co0.5Ti0.375,2.72851,2.6041
Sr0.5La0.5Fe0.25Co0.375Ti0.375,2.55517,2.4306
Sr0.5La0.5Fe0.25Mn0.375Ti0.375,2.73371,2.60288
Sr0.5La0.5Mn0.375Mg0.25Ti0.375,2.6481,2.50551
Sr0.5La0.5Mn0.375Ni0.25Ti0.375,2.71467,2.57216
Sr0.5Sm0.5Co0.125Mn0.5Ti0.375,2.69415,2.57348
Sr0.5Sm0.5Co0.25Mn0.375Ti0.375,2.68439,2.56505
Sr0.5Sm0.5Co0.375Mg0.25Ti0.375,2.23498,2.11794
Sr0.5Sm0.5Co0.375Mn0.25Ti0.375,2.64927,2.53141
Sr0.5Sm0.5Co0.375Ni0.25Ti0.375,2.65005,2.53205
Sr0.5Sm0.5Co0.5Cu0.125Ti0.375,2.63874,2.52266
Sr0.5Sm0.5Co0.5Mg0.125Ti0.375,2.61741,2.50237
Sr0.5Sm0.5Co0.5Mn0.125Ti0.375,2.63481,2.51863
Sr0.5Sm0.5Co0.5Ni0.125Ti0.375,2.63544,2.5189
Sr0.5Sm0.5Cu0.125Mn0.5Ti0.375,2.70829,2.58744
Sr0.5Sm0.5Cu0.25Mn0.375Ti0.375,2.5235,2.40506
Sr0.5Sm0.5Fe0.125Co0.5Ti0.375,2.71073,2.59647
Sr0.5Sm0.5Fe0.25Co0.25Ti0.5,2.36967,2.23267
Sr0.5Sm0.5Fe0.25Co0.375Ti0.375,2.2515,2.13003
Sr0.5Sm0.5Fe0.25Cu0.25Ti0.5,2.36067,2.22377
Sr0.5Sm0.5Fe0.25Mg0.25Ti0.5,2.29253,2.15664
Sr0.5Sm0.5Fe0.25Mn0.25Ti0.5,2.38859,2.25014
Sr0.5Sm0.5Fe0.25Mn0.375Ti0.375,2.33121,2.20772
Sr0.5Sm0.5Fe0.25Ni0.25Ti0.5,2.39077,2.25228
Sr0.5Sm0.5Fe0.375Co0.125Ti0.5,2.41665,2.27513
Sr0.5Sm0.5Fe0.375Cu0.125Ti0.5,2.42642,2.28514
Sr0.5Sm0.5Fe0.375Mg0.125Ti0.5,2.4247,2.28301
Sr0.5Sm0.5Fe0.375Mn0.125Ti0.5,2.4317,2.29025
Sr0.5Sm0.5Fe0.375Ni0.125Ti0.5,2.43105,2.28939
Sr0.5Sm0.5Mn0.375Mg0.25Ti0.375,2.24259,2.12352
Sr0.5Sm0.5Mn0.375Ni0.25Ti0.375,2.70976,2.58893
Sr0.5Sm0.5Mn0.5Mg0.125Ti0.375,2.69225,2.57207
Sr0.5Sm0.5Mn0.5Ni0.125Ti0.375,2.7125,2.59093
Sr0.5Y0.375Sm0.125Fe0.5Ti0.5,2.00253,1.87529
Sr0.5Y0.5Co0.125Mn0.5Ti0.375,2.71414,2.58824
Sr0.5Y0.5Co0.125Ni0.5Ti0.375,2.07405,1.95041
Sr0.5Y0.5Co0.25Mn0.375Ti0.375,2.72464,2.59895
Sr0.5Y0.5Co0.25Ni0.375Ti0.375,2.49343,2.36899
Sr0.5Y0.5Co0.375Cu0.25Ti0.375,2.43591,2.3109
Sr0.5Y0.5Co0.375Mg0.25Ti0.375,2.246,2.12336
Sr0.5Y0.5Co0.375Mn0.25Ti0.375,2.72952,2.60448
Sr0.5Y0.5Co0.375Ni0.25Ti0.375,2.66947,2.54432
Sr0.5Y0.5Co0.5Cu0.125Ti0.375,2.5693,2.44555
Sr0.5Y0.5Co0.5Mg0.125Ti0.375,2.48048,2.35677
Sr0.5Y0.5Co0.5Mn0.125Ti0.375,2.58962,2.46653
Sr0.5Y0.5Co0.5Ni0.125Ti0.375,2.57708,2.45391
Sr0.5Y0.5Cu0.125Mn0.5Ti0.375,2.66619,2.54008
Sr0.5Y0.5Cu0.125Ni0.5Ti0.375,2.07517,1.9515
Sr0.5Y0.5Cu0.25Mn0.375Ti0.375,2.44565,2.3205
Sr0.5Y0.5Fe0.125Co0.5Ti0.375,2.60618,2.48521
Sr0.5Y0.5Fe0.125Mn0.5Ti0.375,2.70084,2.57523
Sr0.5Y0.5Fe0.125Ni0.5Ti0.375,2.03237,1.90734
Sr0.5Y0.5Fe0.25Co0.25Ti0.5,2.60732,2.47654
Sr0.5Y0.5Fe0.25Co0.375Ti0.375,2.39823,2.27192
Sr0.5Y0.5Fe0.25Cu0.25Ti0.5,2.54481,2.41364
Sr0.5Y0.5Fe0.25Mg0.25Ti0.5,2.48986,2.36011
Sr0.5Y0.5Fe0.25Mn0.25Ti0.5,2.60441,2.47377
Sr0.5Y0.5Fe0.25Mn0.375Ti0.375,2.4128,2.28642
Sr0.5Y0.5Fe0.25Ni0.25Ti0.5,2.58845,2.45791
Sr0.5Y0.5Fe0.25Ni0.375Ti0.375,2.18483,2.05843
Sr0.5Y0.5Fe0.375Co0.125Ti0.5,2.4419,2.31295
Sr0.5Y0.5Fe0.375Cu0.125Ti0.5,2.43151,2.3026
Sr0.5Y0.5Fe0.375Mg0.125Ti0.5,2.4322,2.30437
Sr0.5Y0.5Fe0.375Mn0.125Ti0.5,2.4419,2.31295
Sr0.5Y0.5Fe0.375Ni0.125Ti0.5,2.42303,2.29432
Sr0.5Y0.5Mg0.125Ni0.5Ti0.375,1.99391,1.86965
Sr0.5Y0.5Mn0.125Ni0.5Ti0.375,2.08378,1.96001
Sr0.5Y0.5Mn0.25Ni0.375Ti0.375,2.50316,2.37859
Sr0.5Y0.5Mn0.375Mg0.25Ti0.375,2.25574,2.13296
Sr0.5Y0.5Mn0.375Ni0.25Ti0.375,2.67432,2.54839
Sr0.5Y0.5Mn0.5Mg0.125Ti0.375,2.58983,2.46508
Sr0.5Y0.5Mn0.5Ni0.125Ti0.375,2.65935,2.53368
Sr0.625Ba0.125Ca0.125K0.125Ti1,2.45678,2.38739
Sr0.625Ba0.125Ca0.25Fe0.125.875,2.07278,1.91341
Sr0.625Ba0.125K0.125Sm0.125Ti1,2.48722,2.42178
Sr0.625Ba0.125K0.125Y0.125Ti1,2.44227,2.37235
Sr0.625Ba0.125La0.125K0.125Ti1,2.46206,2.39247
Sr0.625Ba0.125La0.25Fe0.125.875,2.73181,2.5926
Sr0.625Ba0.125La0.25Fe0.25.75,2.68426,2.56033
Sr0.625Ba0.125Sm0.25Fe0.125.875,2.65661,2.50279
Sr0.625Ba0.125Sm0.25Fe0.25.75,2.55353,2.42194
Sr0.625Ba0.125Y0.25Fe0.125.875,2.41069,2.26508
Sr0.625Ba0.125Y0.25Fe0.25.75,2.66838,2.52395
Sr0.625Ba0.25Ca0.125Fe0.125.875,2.04379,1.89136
Sr0.625Ba0.25La0.125Fe0.125.875,2.62822,2.48905
Sr0.625Ba0.25La0.125Fe0.25.75,2.51443,2.39353
Sr0.625Ba0.25Sm0.125Fe0.125.875,2.62786,2.48395
Sr0.625Ba0.25Sm0.125Fe0.25.75,2.25823,2.12413
Sr0.625Ba0.25Y0.125Fe0.125.875,2.45628,2.31328
Sr0.625Ba0.25Y0.125Fe0.25.75,2.03844,1.90242
Sr0.625Ba0.375Fe0.125Co0.125.75,2.10882,1.97046
Sr0.625Ba0.375Fe0.125Cu0.125.75,2.10882,1.97046
Sr0.625Ba0.375Fe0.125Mg0.125.75,2.10882,1.97046
Sr0.625Ba0.375Fe0.125Mn0.125.75,2.10882,1.97046
Sr0.625Ba0.375Fe0.125Ni0.125.75,2.10882,1.97046
Sr0.625Ca0.125K0.125Sm0.125Ti1,2.5212,2.45822
Sr0.625Ca0.125K0.125Y0.125Ti1,2.47969,2.41552
Sr0.625Ca0.125La0.125K0.125Ti1,2.48881,2.42154
Sr0.625Ca0.125La0.25Co0.5Ti0.5,2.4239,2.31492
Sr0.625Ca0.125La0.25Cu0.5Ti0.5,2.29178,2.18379
Sr0.625Ca0.125La0.25Fe0.25.75,2.39968,2.28645
Sr0.625Ca0.125La0.25Mg0.5Ti0.5,2.38147,2.27185
Sr0.625Ca0.125La0.25Mn0.5Ti0.5,2.4239,2.31492
Sr0.625Ca0.125La0.25Ni0.5Ti0.5,2.30151,2.19506
Sr0.625Ca0.125Sm0.25Co0.5Ti0.5,2.52632,2.41077
Sr0.625Ca0.125Sm0.25Cu0.5Ti0.5,2.3377,2.22387
Sr0.625Ca0.125Sm0.25Fe0.25.75,2.30715,2.18882
Sr0.625Ca0.125Sm0.25Mg0.5Ti0.5,2.43476,2.32139
Sr0.625Ca0.125Sm0.25Mn0.5Ti0.5,2.53743,2.4214
Sr0.625Ca0.125Sm0.25Ni0.5Ti0.5,2.42659,2.31149
Sr0.625Ca0.125Y0.25Co0.5Ti0.5,2.4703,2.34924
Sr0.625Ca0.125Y0.25Cu0.5Ti0.5,2.25305,2.13216
Sr0.625Ca0.125Y0.25Fe0.125.875,2.66572,2.50848
Sr0.625Ca0.125Y0.25Fe0.25.75,2.42178,2.29175
Sr0.625Ca0.125Y0.25Mg0.5Ti0.5,2.41668,2.29472
Sr0.625Ca0.125Y0.25Mn0.5Ti0.5,2.4736,2.35078
Sr0.625Ca0.125Y0.25Ni0.5Ti0.5,2.33649,2.21479
Sr0.625Ca0.25La0.125Fe0.25.75,2.30233,2.18972
Sr0.625Ca0.25Sm0.125Fe0.25.75,2.01705,1.89419
Sr0.625Ca0.25Y0.125Fe0.125.875,2.61261,2.44947
Sr0.625Ca0.375Fe0.125Co0.125.75,2.11667,1.97362
Sr0.625Ca0.375Fe0.125Co0.25.625,2.1537,2.0052
Sr0.625Ca0.375Fe0.125Cu0.125.75,2.11667,1.97362
Sr0.625Ca0.375Fe0.125Cu0.25.625,2.1537,2.0052
Sr0.625Ca0.375Fe0.125Mg0.125.75,2.11667,1.97362
Sr0.625Ca0.375Fe0.125Mg0.25.625,2.1537,2.0052
Sr0.625Ca0.375Fe0.125Mn0.125.75,2.11667,1.97362
Sr0.625Ca0.375Fe0.125Mn0.25.625,2.1537,2.0052
Sr0.625Ca0.375Fe0.125Ni0.125.75,2.11667,1.97362
Sr0.625Ca0.375Fe0.125Ni0.25.625,2.1537,2.0052
Sr0.625K0.125Y0.125Sm0.125Ti1,2.51888,2.45775
Sr0.625La0.125K0.125Sm0.125Ti1,2.50571,2.44182
Sr0.625La0.125K0.125Y0.125Ti1,2.48342,2.41808
Sr0.625La0.125Y0.25Cu0.5Ti0.5,2.73783,2.61154
Sr0.625La0.25K0.125Co0.125.875,2.0049,1.93659
Sr0.625La0.25K0.125Cu0.125.875,2.0049,1.93659
Sr0.625La0.25K0.125Mg0.125.875,2.0049,1.93659
Sr0.625La0.25K0.125Mn0.125.875,2.0049,1.93659
Sr0.625La0.25K0.125Ni0.125.875,2.0049,1.93659
Sr0.625La0.375Fe0.25Co0.25Ti0.5,2.71036,2.5958
Sr0.625La0.375Fe0.25Cu0.25Ti0.5,2.69229,2.57792
Sr0.625La0.375Fe0.25Mg0.25Ti0.5,2.66962,2.55438
Sr0.625La0.375Fe0.25Mn0.25Ti0.5,2.73027,2.61548
Sr0.625La0.375Fe0.25Ni0.25Ti0.5,2.71036,2.5958
Sr0.625La0.375Fe0.375Co0.125Ti0.5,2.66973,2.55059
Sr0.625La0.375Fe0.375Cu0.125Ti0.5,2.66973,2.55059
Sr0.625La0.375Fe0.375Mg0.125Ti0.5,2.66973,2.55059
Sr0.625La0.375Fe0.375Mn0.125Ti0.5,2.68964,2.57027
Sr0.625La0.375Fe0.375Ni0.125Ti0.5,2.66973,2.55059
Sr0.625Sm0.375Fe0.25Co0.25Ti0.5,2.66268,2.5324
Sr0.625Sm0.375Fe0.25Cu0.25Ti0.5,2.59699,2.46719
Sr0.625Sm0.375Fe0.25Mg0.25Ti0.5,2.58116,2.45192
Sr0.625Sm0.375Fe0.25Mn0.25Ti0.5,2.66693,2.53574
Sr0.625Sm0.375Fe0.25Ni0.25Ti0.5,2.65834,2.52736
Sr0.625Y0.375Fe0.25Co0.25Ti0.5,2.6777,2.54044
Sr0.625Y0.375Fe0.25Cu0.25Ti0.5,2.58964,2.45211
Sr0.625Y0.375Fe0.25Mg0.25Ti0.5,2.63264,2.49599
Sr0.625Y0.375Fe0.25Mn0.25Ti0.5,2.66983,2.53242
Sr0.625Y0.375Fe0.25Ni0.25Ti0.5,2.66312,2.5259
Sr0.625Y0.375Fe0.375Co0.125Ti0.5,2.53056,2.39376
Sr0.625Y0.375Fe0.375Cu0.125Ti0.5,2.52098,2.38423
Sr0.625Y0.375Fe0.375Mg0.125Ti0.5,2.44996,2.31364
Sr0.625Y0.375Fe0.375Mn0.125Ti0.5,2.53056,2.39376
Sr0.625Y0.375Fe0.375Ni0.125Ti0.5,2.51597,2.37922
Sr0.75Ba0.125Ca0.125Fe0.125.875,2.28107,2.12637
Sr0.75Ba0.125La0.125Fe0.25.75,2.47866,2.35665
Sr0.75Ba0.125Sm0.125Fe0.25.75,2.20003,2.06148
Sr0.75Ba0.125Y0.125Fe0.125.875,2.56831,2.42587
Sr0.75Ba0.25Fe0.125Co0.125.75,2.43317,2.2973
Sr0.75Ba0.25Fe0.125Cu0.125.75,2.43317,2.2973
Sr0.75Ba0.25Fe0.125Mg0.125.75,2.43317,2.2973
Sr0.75Ba0.25Fe0.125Mn0.125.75,2.43317,2.2973
Sr0.75Ba0.25Fe0.125Ni0.125.75,2.43317,2.2973
Sr0.75Ca0.125La0.125Fe0.25.75,2.29844,2.1918
Sr0.75Ca0.125Sm0.125Fe0.25.75,1.9956,1.87769
Sr0.75Ca0.25Fe0.125Co0.125.75,2.26245,2.10593
Sr0.75Ca0.25Fe0.125Co0.25.625,2.25921,2.09098
Sr0.75Ca0.25Fe0.125Cu0.125.75,2.26245,2.10593
Sr0.75Ca0.25Fe0.125Cu0.25.625,2.25921,2.09098
Sr0.75Ca0.25Fe0.125Mg0.125.75,2.26245,2.10593
Sr0.75Ca0.25Fe0.125Mg0.25.625,2.25921,2.09098
Sr0.75Ca0.25Fe0.125Mn0.125.75,2.26245,2.10593
Sr0.75Ca0.25Fe0.125Mn0.25.625,2.25921,2.09098
Sr0.75Ca0.25Fe0.125Ni0.125.75,2.26245,2.10593
Sr0.75Ca0.25Fe0.125Ni0.25.625,2.25921,2.09098
Sr0.75K0.125Sm0.125Co0.125.875,2.00318,1.91912
Sr0.75K0.125Sm0.125Cu0.125.875,2.00318,1.91912
Sr0.75K0.125Sm0.125Mg0.125.875,2.00318,1.91912
Sr0.75K0.125Sm0.125Mn0.125.875,2.00318,1.91912
Sr0.75K0.125Sm0.125Ni0.125.875,2.00318,1.91912
Sr0.75K0.125Y0.125Co0.125.875,1.94058,1.85851
Sr0.75K0.125Y0.125Cu0.125.875,1.94058,1.85851
Sr0.75K0.125Y0.125Mg0.125.875,1.94058,1.85851
Sr0.75K0.125Y0.125Mn0.125.875,1.94058,1.85851
Sr0.75K0.125Y0.125Ni0.125.875,1.94058,1.85851
Sr0.75La0.125K0.125Co0.125.875,2.0231,1.94259
Sr0.75La0.125K0.125Co0.25.75,1.96249,1.88045
Sr0.75La0.125K0.125Cu0.125.875,2.0231,1.94259
Sr0.75La0.125K0.125Cu0.25.75,1.96249,1.88045
Sr0.75La0.125K0.125Mg0.125.875,2.0231,1.94259
Sr0.75La0.125K0.125Mg0.25.75,1.96249,1.88045
Sr0.75La0.125K0.125Mn0.125.875,2.0231,1.94259
Sr0.75La0.125K0.125Mn0.25.75,1.96249,1.88045
Sr0.75La0.125K0.125Ni0.125.875,2.0231,1.94259
Sr0.75La0.125K0.125Ni0.25.75,1.96249,1.88045
Sr0.875Ba0.125Co0.125Cu0.125.75,2.72773,2.58505
Sr0.875Ba0.125Co0.125Cu0.25.625,2.68224,2.53906
Sr0.875Ba0.125Co0.125Mg0.125.75,2.72773,2.58505
Sr0.875Ba0.125Co0.125Mg0.25.625,2.68224,2.53906
Sr0.875Ba0.125Co0.125Mn0.125.75,2.72773,2.58505
Sr0.875Ba0.125Co0.125Mn0.25.625,2.68224,2.53906
Sr0.875Ba0.125Co0.125Ni0.125.75,2.72773,2.58505
Sr0.875Ba0.125Co0.125Ni0.25.625,2.68224,2.53906
Sr0.875Ba0.125Co0.25Cu0.125.625,2.68224,2.53906
Sr0.875Ba0.125Co0.25Mg0.125.625,2.68224,2.53906
Sr0.875Ba0.125Co0.25Mn0.125.625,2.68224,2.53906
Sr0.875Ba0.125Co0.25Ni0.125.625,2.68224,2.53906
Sr0.875Ba0.125Cu0.125Mg0.125.75,2.72773,2.58505
Sr0.875Ba0.125Cu0.125Mg0.25.625,2.68224,2.53906
Sr0.875Ba0.125Cu0.125Mn0.125.75,2.72773,2.58505
Sr0.875Ba0.125Cu0.125Mn0.25.625,2.68224,2.53906
Sr0.875Ba0.125Cu0.125Ni0.125.75,2.72773,2.58505
Sr0.875Ba0.125Cu0.125Ni0.25.625,2.68224,2.53906
Sr0.875Ba0.125Cu0.25Mg0.125.625,2.68224,2.53906
Sr0.875Ba0.125Cu0.25Mn0.125.625,2.68224,2.53906
Sr0.875Ba0.125Cu0.25Ni0.125.625,2.68224,2.53906
Sr0.875Ba0.125Mg0.125Ni0.125.75,2.72773,2.58505
Sr0.875Ba0.125Mg0.125Ni0.25.625,2.68224,2.53906
Sr0.875Ba0.125Mg0.25Ni0.125.625,2.68224,2.53906
Sr0.875Ba0.125Mn0.125Mg0.125.75,2.72773,2.58505
Sr0.875Ba0.125Mn0.125Mg0.25.625,2.68224,2.53906
Sr0.875Ba0.125Mn0.125Ni0.125.75,2.72773,2.58505
Sr0.875Ba0.125Mn0.125Ni0.25.625,2.68224,2.53906
Sr0.875Ba0.125Mn0.25Mg0.125.625,2.68224,2.53906
Sr0.875Ba0.125Mn0.25Ni0.125.625,2.68224,2.53906
Sr0.875Ca0.125Co0.125Cu0.125.75,2.56805,2.46082
Sr0.875Ca0.125Co0.125Mg0.125.75,2.56805,2.46082
Sr0.875Ca0.125Co0.125Mn0.125.75,2.56805,2.46082
Sr0.875Ca0.125Co0.125Ni0.125.75,2.56805,2.46082
Sr0.875Ca0.125Cu0.125Mg0.125.75,2.56805,2.46082
Sr0.875Ca0.125Cu0.125Mn0.125.75,2.56805,2.46082
Sr0.875Ca0.125Cu0.125Ni0.125.75,2.56805,2.46082
Sr0.875Ca0.125Mg0.125Ni0.125.75,2.56805,2.46082
Sr0.875Ca0.125Mn0.125Mg0.125.75,2.56805,2.46082
Sr0.875Ca0.125Mn0.125Ni0.125.75,2.56805,2.46082
Sr1Fe0.125Co0.125Cu0.125.625,2.69741,2.60166
Sr1Fe0.125Co0.125Mg0.125.625,2.69741,2.60166
Sr1Fe0.125Co0.125Mn0.125.625,2.69741,2.60166
Sr1Fe0.125Co0.125Ni0.125.625,2.69741,2.60166
Sr1Fe0.125Cu0.125Mg0.125.625,2.69741,2.60166
Sr1Fe0.125Cu0.125Mn0.125.625,2.69741,2.60166
Sr1Fe0.125Cu0.125Ni0.125.625,2.69741,2.60166
Sr1Fe0.125Mg0.125Ni0.125.625,2.69741,2.60166
Sr1Fe0.125Mn0.125Mg0.125.625,2.69741,2.60166
Sr1Fe0.125Mn0.125Ni0.125.625,2.69741,2.60166
